{
  "Guid" : "d326c889-7564-409b-8b26-d3671001617e",
  "Name" : "Inconsolarized",
  "Description" : "Inconsolata Font with Solarized Theme",
  "Prompt Before Closing 2" : false,
  "Unlimited Scrollback" : true,
  "Rows" : 50,
  "Columns" : 200,
  "Normal Font" : "Inconsolata 14",
  "Non Ascii Font" : "Inconsolata 14",
  "ASCII Anti Aliased" : true,
  "Non-ASCII Anti Aliased" : true,
  "Use Non-ASCII Font" : false,
  "Ansi 12 Color" : {
    "Green Component" : 0.5096293091773987,
    "Blue Component" : 0.5168579816818237,
    "Red Component" : 0.4405802488327026
  },
  "Ansi 6 Color" : {
    "Green Component" : 0.570823609828949,
    "Blue Component" : 0.5250227451324463,
    "Red Component" : 0.1467953473329544
  },
  "Bold Color" : {
    "Green Component" : 0.5648583769798279,
    "Blue Component" : 0.5636365413665771,
    "Red Component" : 0.5059919357299805
  },
  "Ansi 3 Color" : {
    "Green Component" : 0.4675142467021942,
    "Blue Component" : 0.02348481118679047,
    "Red Component" : 0.6474647521972656
  },
  "Ansi 4 Color" : {
    "Green Component" : 0.462659478187561,
    "Blue Component" : 0.7823141813278198,
    "Red Component" : 0.1275488436222076
  },
  "Ansi 5 Color" : {
    "Green Component" : 0.1080246344208717,
    "Blue Component" : 0.4351663589477539,
    "Red Component" : 0.7773894071578979
  },
  "Cursor Guide Color" : {
    "Red Component" : 0.65,
    "Color Space" : "Calibrated",
    "Blue Component" : 1,
    "Alpha Component" : 0.25,
    "Green Component" : 0.91
  },
  "Ansi 10 Color" : {
    "Green Component" : 0.3566595613956451,
    "Blue Component" : 0.3829848766326904,
    "Red Component" : 0.2767199277877808
  },
  "Ansi 15 Color" : {
    "Green Component" : 0.9579439163208008,
    "Blue Component" : 0.8640598058700562,
    "Red Component" : 0.9894341826438904
  },
  "Foreground Color" : {
    "Green Component" : 0.5096293091773987,
    "Blue Component" : 0.5168579816818237,
    "Red Component" : 0.4405802488327026
  },
  "Selection Color" : {
    "Green Component" : 0.155759260058403,
    "Blue Component" : 0.1937013864517212,
    "Red Component" : 0
  },
  "Ansi 13 Color" : {
    "Green Component" : 0.3389629721641541,
    "Blue Component" : 0.7290843725204468,
    "Red Component" : 0.3479863405227661
  },
  "Selected Text Color" : {
    "Green Component" : 0.5648583769798279,
    "Blue Component" : 0.5636365413665771,
    "Red Component" : 0.5059919357299805
  },
  "Background Color" : {
    "Green Component" : 0.1178361028432846,
    "Blue Component" : 0.1517027318477631,
    "Red Component" : 0
  },
  "Ansi 11 Color" : {
    "Green Component" : 0.4071767330169678,
    "Blue Component" : 0.4385056495666504,
    "Red Component" : 0.3243661820888519
  },
  "Badge Color" : {
    "Red Component" : 1,
    "Color Space" : "Calibrated",
    "Blue Component" : 0,
    "Alpha Component" : 0.5,
    "Green Component" : 0
  },
  "Ansi 14 Color" : {
    "Green Component" : 0.5648583769798279,
    "Blue Component" : 0.5636365413665771,
    "Red Component" : 0.5059919357299805
  },
  "Cursor Text Color" : {
    "Green Component" : 0.155759260058403,
    "Blue Component" : 0.1937013864517212,
    "Red Component" : 0
  },
  "Cursor Color" : {
    "Green Component" : 0.5096293091773987,
    "Blue Component" : 0.5168579816818237,
    "Red Component" : 0.4405802488327026
  },
  "Ansi 1 Color" : {
    "Green Component" : 0.1084065511822701,
    "Blue Component" : 0.1414571404457092,
    "Red Component" : 0.8192697763442993
  },
  "Ansi 0 Color" : {
    "Green Component" : 0.155759260058403,
    "Blue Component" : 0.1937013864517212,
    "Red Component" : 0
  },
  "Ansi 2 Color" : {
    "Green Component" : 0.5411549210548401,
    "Blue Component" : 0.02020875550806522,
    "Red Component" : 0.4497745335102081
  },
  "Link Color" : {
    "Red Component" : 0.023,
    "Color Space" : "Calibrated",
    "Blue Component" : 0.678,
    "Alpha Component" : 1,
    "Green Component" : 0.27
  },
  "Ansi 7 Color" : {
    "Green Component" : 0.8900123834609985,
    "Blue Component" : 0.7978110313415527,
    "Red Component" : 0.916110634803772
  },
  "Ansi 8 Color" : {
    "Green Component" : 0.1178361028432846,
    "Blue Component" : 0.1517027318477631,
    "Red Component" : 0
  },
  "Ansi 9 Color" : {
    "Green Component" : 0.2132530063390732,
    "Blue Component" : 0.07353043556213379,
    "Red Component" : 0.7417625784873962
  }
}
